key	name	row_struct	row_count
anoint_balance	Anoint_Balance	Asset'/Game/Gear/_Shared/BalanceData/Anoints/Struct_Anoints_Init.Struct_Anoints_Init'	62
bor_weapon_licensedpartprefix_table	BOR_Weapon_LicensedPartPrefix_Table	Asset'/Game/Gear/Weapons/_Shared/NamingStrategies/DAD_LicensedPart_Table_Struct.DAD_LicensedPart_Table_Struct'	4
bor_weapon_statprefix_table	BOR_Weapon_StatPrefix_Table	Asset'/Game/Gear/Weapons/_Shared/NamingStrategies/WeaponNamingStruct.WeaponNamingStruct'	8
borgheavyweaponnamingbodyprefix	BorgHeavyWeaponNamingBodyPrefix	Asset'/Script/OakGame.HeavyWeaponNamingRow'	7
borgheavyweaponnamingtablebarrel1	BorgHeavyWeaponNamingTableBarrel1	Asset'/Script/OakGame.HeavyWeaponNamingRow'	5
borgheavyweaponnamingtablebarrel2	BorgHeavyWeaponNamingTableBarrel2	Asset'/Script/OakGame.HeavyWeaponNamingRow'	5
classmod_statstable	ClassMod_StatsTable	Asset'/Game/GameData/DataTables/Structs/Struct_BaseDamage.Struct_BaseDamage'	59
classmodpassiveanddisplaynamedatatable_darksiren	ClassModPassiveAndDisplayNameDataTable_DarkSiren	Asset'/Script/OakGame.ClassModPassiveAndDisplayNameRow'	23
classmodpassiveanddisplaynamedatatable_exosolider	ClassModPassiveAndDisplayNameDataTable_ExoSolider	Asset'/Script/OakGame.ClassModPassiveAndDisplayNameRow'	23
classmodpassiveanddisplaynamedatatable_gravitar	ClassModPassiveAndDisplayNameDataTable_Gravitar	Asset'/Script/OakGame.ClassModPassiveAndDisplayNameRow'	23
classmodpassiveanddisplaynamedatatable_paladin	ClassModPassiveAndDisplayNameDataTable_Paladin	Asset'/Script/OakGame.ClassModPassiveAndDisplayNameRow'	23
classmodpassiveanddisplaynamedatatable_robodealer	ClassModPassiveAndDisplayNameDataTable_RoboDealer	Asset'/Script/OakGame.ClassModPassiveAndDisplayNameRow'	23
colors	Colors	Asset'/Script/GbxUIUMG.GbxUIColor'	39
dad_ub_ammoswitcher_init	Dad_UB_AmmoSwitcher_Init	Asset'/Game/Gear/Weapons/_Shared/BalanceData/UnderbarrelData/Struct_Weapon_Dad_UB_AmmoSwitcher_Init.Struct_Weapon_Dad_UB_AmmoSwitcher_Init'	11
dad_weapon_licensedpartprefix_table	DAD_Weapon_LicensedPartPrefix_Table	Asset'/Game/Gear/Weapons/_Shared/NamingStrategies/DAD_LicensedPart_Table_Struct.DAD_LicensedPart_Table_Struct'	4
dad_weapon_statprefix_table	DAD_Weapon_StatPrefix_Table	Asset'/Game/Gear/Weapons/_Shared/NamingStrategies/WeaponNamingStruct.WeaponNamingStruct'	8
damage_and_health_scalars	damage_and_health_scalars	Asset'/Game/GameData/DataTables/Structs/Struct_FloatColumn.Struct_FloatColumn'	34
datatable_classmod_ds_raid1	DataTable_ClassMod_DS_Raid1	Asset'/Game/PlayerCharacters/_Shared/Balance/Struct_Table_Characters.Struct_Table_Characters'	4
datatable_classmod_ds_raid2	DataTable_ClassMod_DS_Raid2	Asset'/Game/PlayerCharacters/_Shared/Balance/Struct_Table_Characters.Struct_Table_Characters'	5
datatable_classmod_exo_raid1	DataTable_ClassMod_Exo_Raid1	Asset'/Game/PlayerCharacters/_Shared/Balance/Struct_Table_Characters.Struct_Table_Characters'	2
datatable_classmod_exo_raid2	DataTable_ClassMod_Exo_Raid2	Asset'/Game/PlayerCharacters/_Shared/Balance/Struct_Table_Characters.Struct_Table_Characters'	3
datatable_classmod_grav_raid1	DataTable_ClassMod_Grav_Raid1	Asset'/Game/PlayerCharacters/_Shared/Balance/Struct_Table_Characters.Struct_Table_Characters'	4
datatable_classmod_pld_raid1	DataTable_ClassMod_PLD_Raid1	Asset'/Game/PlayerCharacters/_Shared/Balance/Struct_Table_Characters.Struct_Table_Characters'	4
datatable_classmods_raid2	DataTable_ClassMods_Raid2	Asset'/Game/PlayerCharacters/_Shared/Skills/Struct_SkillBalance.Struct_SkillBalance'	6
datatable_cm_r2_gravitar	DataTable_CM_R2_Gravitar	Asset'/Game/PlayerCharacters/_Shared/Skills/Struct_SkillBalance.Struct_SkillBalance'	1
datatable_cm_r2_robodealer	DataTable_CM_R2_Robodealer	Asset'/Game/PlayerCharacters/_Shared/Skills/Struct_SkillBalance.Struct_SkillBalance'	2
datatable_cm_tuba_darksiren	DataTable_CM_Tuba_DarkSiren	Asset'/Game/PlayerCharacters/_Shared/Balance/Struct_Table_Characters.Struct_Table_Characters'	2
datatable_cm_tuba_exo	DataTable_CM_Tuba_Exo	Asset'/Game/PlayerCharacters/_Shared/Skills/Struct_SkillBalance.Struct_SkillBalance'	4
datatable_cm_tuba_gravitar	DataTable_CM_Tuba_Gravitar	Asset'/Game/PlayerCharacters/_Shared/Skills/Struct_SkillBalance.Struct_SkillBalance'	2
datatable_cm_tuba_paladin	DataTable_CM_Tuba_Paladin	Asset'/Game/PlayerCharacters/_Shared/Balance/Struct_Table_Characters.Struct_Table_Characters'	4
datatable_cm_tuba_robo	DataTable_CM_Tuba_Robo	Asset'/Game/PlayerCharacters/_Shared/Skills/Struct_SkillBalance.Struct_SkillBalance'	1
datatable_darksiren_actionskill_phaseavatar	DataTable_DarkSiren_ActionSkill_PhaseAvatar	Asset'/Game/PlayerCharacters/_Shared/Balance/Struct_Table_Characters.Struct_Table_Characters'	49
datatable_darksiren_actionskill_phasefamiliar	DataTable_DarkSiren_ActionSkill_PhaseFamiliar	Asset'/Game/PlayerCharacters/_Shared/Balance/Struct_Table_Characters.Struct_Table_Characters'	73
datatable_darksiren_actionskill_phaseshard	DataTable_DarkSiren_ActionSkill_PhaseShard	Asset'/Game/PlayerCharacters/_Shared/Balance/Struct_Table_Characters.Struct_Table_Characters'	62
datatable_darksiren_challenges	DataTable_DarkSiren_Challenges	Asset'/Game/PlayerCharacters/_Shared/Balance/Struct_Table_Characters.Struct_Table_Characters'	4
datatable_darksiren_classmod_cowbell	DataTable_DarkSiren_ClassMod_Cowbell	Asset'/Game/PlayerCharacters/_Shared/Balance/Struct_Table_Characters.Struct_Table_Characters'	7
datatable_darksiren_passives_death	DataTable_DarkSiren_Passives_Death	Asset'/Game/PlayerCharacters/_Shared/Balance/Struct_Table_Characters.Struct_Table_Characters'	90
datatable_darksiren_passives_domination	datatable_darksiren_passives_domination	Asset'/Game/PlayerCharacters/_Shared/Balance/Struct_Table_Characters.Struct_Table_Characters'	92
datatable_darksiren_passives_duplicate	Datatable_DarkSiren_Passives_Duplicate	Asset'/Game/PlayerCharacters/_Shared/Balance/Struct_Table_Characters.Struct_Table_Characters'	73
datatable_darksiren_passives_shared	DataTable_DarkSiren_Passives_Shared	Asset'/Game/PlayerCharacters/_Shared/Balance/Struct_Table_Characters.Struct_Table_Characters'	1
datatable_darksiren_phaseshroud	DataTable_DarkSiren_Phaseshroud	Asset'/Game/PlayerCharacters/_Shared/Balance/Struct_Table_Characters.Struct_Table_Characters'	26
datatable_elementalaffinitydata	DataTable_ElementalAffinityData	Asset'/Game/PlayerCharacters/_Shared/Balance/Struct_Table_Characters.Struct_Table_Characters'	3
datatable_enhancement_modifiers	DataTable_Enhancement_Modifiers	Asset'/Game/Gear/Enhancements/Struct_Enhancement_Modifiers.Struct_Enhancement_Modifiers'	56
datatable_exo_classmod_cowbell	DataTable_Exo_ClassMod_Cowbell	Asset'/Game/PlayerCharacters/_Shared/Balance/Struct_Table_Characters.Struct_Table_Characters'	7
datatable_gravitar_classmod_cowbell	DataTable_Gravitar_ClassMod_Cowbell	Asset'/Game/PlayerCharacters/_Shared/Balance/Struct_Table_Characters.Struct_Table_Characters'	3
datatable_incomingdamage	DataTable_IncomingDamage	Asset'/Game/PlayerCharacters/_Shared/Balance/Struct_Table_Characters.Struct_Table_Characters'	12
datatable_io_balance	DataTable_IO_Balance	Asset'/Game/InteractiveObjects/_Shared/Balance/Struct_IO_Balance.Struct_IO_Balance'	23
datatable_io_balance_city	DataTable_IO_Balance_City	Asset'/Game/InteractiveObjects/_Shared/Balance/Struct_IO_Balance.Struct_IO_Balance'	6
datatable_paladin_actionskill_scourge	DataTable_Paladin_ActionSkill_Scourge	Asset'/Game/PlayerCharacters/_Shared/Balance/Struct_Table_Characters.Struct_Table_Characters'	77
datatable_paladin_actionskill_warforge	DataTable_Paladin_ActionSkill_Warforge	Asset'/Game/PlayerCharacters/_Shared/Balance/Struct_Table_Characters.Struct_Table_Characters'	56
datatable_paladin_actionskill_weaponmaster	DataTable_Paladin_ActionSkill_WeaponMaster	Asset'/Game/PlayerCharacters/_Shared/Balance/Struct_Table_Characters.Struct_Table_Characters'	56
datatable_paladin_challenges	DataTable_Paladin_Challenges	Asset'/Game/PlayerCharacters/_Shared/Balance/Struct_Table_Characters.Struct_Table_Characters'	2
datatable_paladin_classmods	DataTable_Paladin_ClassMods	Asset'/Game/PlayerCharacters/_Shared/Balance/Struct_Table_Characters.Struct_Table_Characters'	7
datatable_paladin_forgefist	DataTable_Paladin_Forgefist	Asset'/Game/PlayerCharacters/_Shared/Balance/Struct_Table_Characters.Struct_Table_Characters'	9
datatable_paladin_passives_calamity	datatable_paladin_passives_calamity	Asset'/Game/PlayerCharacters/_Shared/Balance/Struct_Table_Characters.Struct_Table_Characters'	67
datatable_paladin_passives_cybernetics	datatable_paladin_passives_cybernetics	Asset'/Game/PlayerCharacters/_Shared/Balance/Struct_Table_Characters.Struct_Table_Characters'	73
datatable_paladin_passives_shared	DataTable_Paladin_Passives_Shared	Asset'/Game/PlayerCharacters/_Shared/Balance/Struct_Table_Characters.Struct_Table_Characters'	9
datatable_paladin_passives_vengeance	datatable_paladin_passives_vengeance	Asset'/Game/PlayerCharacters/_Shared/Balance/Struct_Table_Characters.Struct_Table_Characters'	60
datatable_playerammoresourcebalance	DataTable_PlayerAmmoResourceBalance	Asset'/Game/GameData/Loot/Balance/Struct_PlayerAmmoResourceBalance.Struct_PlayerAmmoResourceBalance'	8
datatable_playercharacters_shared	DataTable_PlayerCharacters_Shared	Asset'/Game/PlayerCharacters/_Shared/Balance/Struct_Table_Characters.Struct_Table_Characters'	28
datatable_pld_classmod_cowbell	DataTable_PLD_ClassMod_Cowbell	Asset'/Game/PlayerCharacters/_Shared/Balance/Struct_Table_Characters.Struct_Table_Characters'	10
datatable_robo_boneshards	DataTable_Robo_BoneShards	Asset'/Game/PlayerCharacters/_Shared/Skills/Struct_SkillBalance.Struct_SkillBalance'	8
datatable_robo_cards	DataTable_Robo_Cards	Asset'/Game/DLC/Cowbell/PlayerCharacters/RoboDealer/ActionSkills/SleightOfHand/Data/Struct_Robo_CardBalance.Struct_Robo_CardBalance'	20
datatable_robo_classmods	DataTable_Robo_ClassMods	Asset'/Game/PlayerCharacters/_Shared/Skills/Struct_SkillBalance.Struct_SkillBalance'	11
datatable_robo_cleromancy	DataTable_Robo_Cleromancy	Asset'/Game/PlayerCharacters/_Shared/Skills/Struct_SkillBalance.Struct_SkillBalance'	13
datatable_robo_crossfire	DataTable_Robo_CrossFire	Asset'/Game/PlayerCharacters/_Shared/Skills/Struct_SkillBalance.Struct_SkillBalance'	38
datatable_robo_jinx	DataTable_Robo_Jinx	Asset'/Game/PlayerCharacters/_Shared/Skills/Struct_SkillBalance.Struct_SkillBalance'	4
datatable_robo_passives	DataTable_Robo_Passives	Asset'/Game/PlayerCharacters/_Shared/Skills/Struct_SkillBalance.Struct_SkillBalance'	96
datatable_robo_sleightofhand	DataTable_Robo_SleightOfHand	Asset'/Game/PlayerCharacters/_Shared/Skills/Struct_SkillBalance.Struct_SkillBalance'	9
datatable_robo_totems	DataTable_Robo_Totems	Asset'/Game/DLC/Cowbell/PlayerCharacters/RoboDealer/ActionSkills/Cleromancy/Data/Struct_Robo_Totem_Balance.Struct_Robo_Totem_Balance'	23
datatable_robo_windfall	DataTable_Robo_Windfall	Asset'/Game/PlayerCharacters/_Shared/Skills/Struct_SkillBalance.Struct_SkillBalance'	4
datatable_specializations	DataTable_Specializations	Asset'/Game/PlayerCharacters/_Shared/Balance/Struct_Table_Characters.Struct_Table_Characters'	57
dt_cos_switchspawnvalues	DT_CoS_SwitchSpawnValues	Asset'/Game/DLC/Mandolin/InteractiveObjects/OakInteractiveObjects/CircleOfSlaughterManager/Struct_CoS_SwitchSpawnValues.Struct_CoS_SwitchSpawnValues'	5
dt_hazard_cos_damage	DT_Hazard_CoS_Damage	Asset'/Game/PlayerCharacters/_Shared/Balance/Struct_Table_Characters.Struct_Table_Characters'	4
economy_basecosts	Economy_BaseCosts	Asset'/Game/GameData/DataTables/Structs/Struct_FloatColumn.Struct_FloatColumn'	21
economy_firmwaretransfercashcosts	Economy_FirmwareTransferCashCosts	Asset'/Game/GameData/DataTables/Structs/Struct_FloatColumn.Struct_FloatColumn'	12
economy_firmwaretransfereridiumcosts	Economy_FirmwareTransferEridiumCosts	Asset'/Game/Gear/_Shared/BalanceData/Economy/FirmwareTransferEridiumCostTableStruct.FirmwareTransferEridiumCostTableStruct'	5
economy_gearscales	Economy_GearScales	Asset'/Game/GameData/DataTables/Structs/Struct_FloatColumn.Struct_FloatColumn'	15
economy_weaponscales	Economy_WeaponScales	Asset'/Game/GameData/DataTables/Structs/Struct_FloatColumn.Struct_FloatColumn'	17
enemy_health_scalars_by_player_count	enemy_health_scalars_by_player_count	Asset'/Script/OakGame.PlayerCountDefinedValueRow'	4
enhancementnamingcorecombinationstable	EnhancementNamingCoreCombinationsTable	Asset'/Game/Gear/Enhancements/_Shared/EnhancementCoreCombinationStruct.EnhancementCoreCombinationStruct'	44
enhancementnamingstatcombinationstable	EnhancementNamingStatCombinationsTable	Asset'/Game/Gear/Enhancements/_Shared/EnhancementStatCombinationStruct.EnhancementStatCombinationStruct'	12
enhancementnamingstatprioritytable	EnhancementNamingStatPriorityTable	Asset'/Script/OakGame.EnhancementNamingStatPriorityRow'	31
firmwaretable_init	FirmwareTable_Init	Asset'/Game/Gear/Firmware/BalanceData/Struct_Firmware_Init.Struct_Firmware_Init'	63
firmwaretable_init_raid1	FirmwareTable_Init_Raid1	Asset'/Game/Gear/Firmware/BalanceData/Struct_Firmware_Init.Struct_Firmware_Init'	4
firmwaretable_init_raid2	FirmwareTable_Init_Raid2	Asset'/Game/Gear/Firmware/BalanceData/Struct_Firmware_Init.Struct_Firmware_Init'	7
firmwaretable_init_tuba	FirmwareTable_Init_Tuba	Asset'/Game/Gear/Firmware/BalanceData/Struct_Firmware_Init.Struct_Firmware_Init'	4
firmwareuvhmleveltable	FirmwareUVHMLevelTable	Asset'/Game/GameData/DataTables/Structs/Struct_FloatColumn.Struct_FloatColumn'	21
firmwareuvhmleveltable_raid1	FirmwareUVHMLevelTable_Raid1	Asset'/Game/GameData/DataTables/Structs/Struct_FloatColumn.Struct_FloatColumn'	1
firmwareuvhmleveltable_raid2	FirmwareUVHMLevelTable_Raid2	Asset'/Game/GameData/DataTables/Structs/Struct_FloatColumn.Struct_FloatColumn'	1
firmwareuvhmleveltable_tuba	FirmwareUVHMLevelTable_Tuba	Asset'/Game/GameData/DataTables/Structs/Struct_FloatColumn.Struct_FloatColumn'	1
firmwareweightstable	FirmwareWeightsTable	Asset'/Game/GameData/DataTables/Structs/Struct_FloatColumn.Struct_FloatColumn'	5
gadget_at_augments	Gadget_AT_Augments	Asset'/Game/Gear/Gadgets/Turrets/_Shared/BalanceData/Struct_Gadget_AT_Augments.Struct_Gadget_AT_Augments'	4
gadget_at_base	Gadget_AT_Base	Asset'/Game/Gear/Gadgets/Turrets/_Shared/BalanceData/Struct_Gadget_AT_Base_Init.Struct_Gadget_AT_Base_Init'	3
gadget_at_defaults	Gadget_AT_Defaults	Asset'/Game/Gear/Gadgets/Turrets/_Shared/BalanceData/Struct_Gadget_AT_Defaults.Struct_Gadget_AT_Defaults'	1
gadget_at_manufacturer	Gadget_AT_Manufacturer	Asset'/Game/Gear/Gadgets/Turrets/_Shared/BalanceData/Struct_Gadget_AT_Manufacturer_Init.Struct_Gadget_AT_Manufacturer_Init'	8
gadget_at_rarity	Gadget_AT_Rarity	Asset'/Game/Gear/Gadgets/Turrets/_Shared/BalanceData/Struct_Gadget_AT_Base_Init.Struct_Gadget_AT_Base_Init'	5
gadget_at_stats	Gadget_AT_Stats	Asset'/Game/Gear/Weapons/_Shared/BalanceData/WeaponStats/Struct_WeaponStats.Struct_WeaponStats'	10
gadget_at_weapon	Gadget_AT_Weapon	Asset'/Game/Gear/Gadgets/Turrets/_Shared/BalanceData/Struct_Gadget_AT_Weapon_Init.Struct_Gadget_AT_Weapon_Init'	6
gadget_hw_ai_init	Gadget_HW_AI_Init	Asset'/Game/Gear/Gadgets/HeavyWeapons/_Shared/BalanceData/Struct_Gadget_HW_Init.Struct_Gadget_HW_Init'	8
gadget_hw_barrel_mods	Gadget_HW_Barrel_Mods	Asset'/Game/Gear/Gadgets/HeavyWeapons/_Shared/BalanceData/Struct_Gadget_HW_Rarity.Struct_Gadget_HW_Rarity'	35
gadget_hw_barrels	Gadget_HW_Barrels	Asset'/Game/Gear/Gadgets/HeavyWeapons/_Shared/BalanceData/Struct_Gadget_HW_Barrel_Init.Struct_Gadget_HW_Barrel_Init'	11
gadget_hw_rarity	Gadget_HW_Rarity	Asset'/Game/Gear/Gadgets/HeavyWeapons/_Shared/BalanceData/Struct_Gadget_HW_Rarity.Struct_Gadget_HW_Rarity'	5
gadget_hw_swaptimes	Gadget_HW_SwapTimes	Asset'/Game/GameData/DataTables/Structs/Struct_FloatColumn.Struct_FloatColumn'	8
general	general	Asset'/Game/GameData/DataTables/Structs/Struct_FloatColumn.Struct_FloatColumn'	1
grenademod_augment_init	GrenadeMod_Augment_Init	Asset'/Game/Gear/GrenadeGadgets/_Shared/BalanceData/Struct_GrenadeMod_Augment.Struct_GrenadeMod_Augment'	46
grenademod_lingeringelement_init	GrenadeMod_LingeringElement_Init	Asset'/Game/Gear/GrenadeGadgets/_Shared/BalanceData/Struct_GrenadeMod_Augment.Struct_GrenadeMod_Augment'	6
grenademod_manufacturer_init	GrenadeMod_Manufacturer_Init	Asset'/Game/Gear/GrenadeGadgets/_Shared/BalanceData/Struct_BaseGrenade_Init.Struct_BaseGrenade_Init'	8
grenademod_rarityscale	GrenadeMod_RarityScale	Asset'/Game/Gear/GrenadeGadgets/_Shared/BalanceData/Struct_Grenade_Rarity.Struct_Grenade_Rarity'	6
grenademod_stats	GrenadeMod_Stats	Asset'/Game/Gear/Weapons/_Shared/BalanceData/WeaponStats/Struct_WeaponStats.Struct_WeaponStats'	13
grenademod_unique_init	GrenadeMod_Unique_Init	Asset'/Game/Gear/GrenadeGadgets/_Shared/BalanceData/Struct_GrenadeMod_Augment.Struct_GrenadeMod_Augment'	19
healthtype_balance	HealthType_Balance	Asset'/Script/OakGame.OakHealthTypeBalanceData'	9
healthtype_balance_easy	HealthType_Balance_Easy	Asset'/Script/OakGame.OakHealthTypeBalanceData'	9
healthtype_balance_hard	HealthType_Balance_Hard	Asset'/Script/OakGame.OakHealthTypeBalanceData'	9
heavy_weapon_stats	Heavy_Weapon_Stats	Asset'/Game/Gear/Gadgets/HeavyWeapons/_Shared/BalanceData/Struct_HeavyWeaponStats.Struct_HeavyWeaponStats'	26
highestpointsprefixdatatable	HighestPointsPrefixDataTable	Asset'/Script/OakGame.HighestPointsPrefixDataRow'	4
jak_weapon_licensedpartprefix_table	JAK_Weapon_LicensedPartPrefix_Table	Asset'/Game/Gear/Weapons/_Shared/NamingStrategies/DAD_LicensedPart_Table_Struct.DAD_LicensedPart_Table_Struct'	4
jak_weapon_statprefix_table	JAK_Weapon_StatPrefix_Table	Asset'/Game/Gear/Weapons/_Shared/NamingStrategies/WeaponNamingStruct.WeaponNamingStruct'	8
lootschedule	LootSchedule	Asset'/Game/GameData/Loot/LootSchedule/LootScheduleStruct.LootScheduleStruct'	55
mal_weapon_licensedpartprefix_table	MAL_Weapon_LicensedPartPrefix_Table	Asset'/Game/Gear/Weapons/_Shared/NamingStrategies/DAD_LicensedPart_Table_Struct.DAD_LicensedPart_Table_Struct'	4
mal_weapon_statprefix_table	MAL_Weapon_StatPrefix_Table	Asset'/Game/Gear/Weapons/_Shared/NamingStrategies/WeaponNamingStruct.WeaponNamingStruct'	8
maliwanheavyweaponnamingbodyprefix	MaliwanHeavyWeaponNamingBodyPrefix	Asset'/Script/OakGame.HeavyWeaponNamingRow'	7
maliwanheavyweaponnamingtablebarrel1	MaliwanHeavyWeaponNamingTableBarrel1	Asset'/Script/OakGame.HeavyWeaponNamingRow'	5
maliwanheavyweaponnamingtablebarrel2	MaliwanHeavyWeaponNamingTableBarrel2	Asset'/Script/OakGame.HeavyWeaponNamingRow'	5
mercreditable	MercrediTable	Asset'/Game/Gear/Weapons/_Shared/BalanceData/UnderbarrelData/Struct_Weapon_Dad_UB_AmmoSwitcher_Init.Struct_Weapon_Dad_UB_AmmoSwitcher_Init'	5
ord_weapon_licensedpartprefix_table	ORD_Weapon_LicensedPartPrefix_Table	Asset'/Game/Gear/Weapons/_Shared/NamingStrategies/DAD_LicensedPart_Table_Struct.DAD_LicensedPart_Table_Struct'	4
ord_weapon_statprefix_table	ORD_Weapon_StatPrefix_Table	Asset'/Game/Gear/Weapons/_Shared/NamingStrategies/WeaponNamingStruct.WeaponNamingStruct'	8
playercharacter_actionskill_scale	PlayerCharacter_ActionSkill_Scale	Asset'/Game/PlayerCharacters/_Shared/Design/_Balance/Struct_PlayerCharacter_ActionSkill_Scale.Struct_PlayerCharacter_ActionSkill_Scale'	4
progress_graph_unlock_schedule	progress_graph_unlock_schedule	Asset'/Game/GameData/DataTables/Structs/Struct_FloatColumn.Struct_FloatColumn'	11
rarity_balance	Rarity_Balance	Asset'/Game/Gear/_Shared/BalanceData/Rarity/Struct_Balance_Rarity.Struct_Balance_Rarity'	6
repkit_augmentdata	RepKit_AugmentData	Asset'/Game/Gear/RepairKits/_Shared/BalanceData/Struct_RepKit_Augment.Struct_RepKit_Augment'	23
repkit_basedata	RepKit_BaseData	Asset'/Game/Gear/RepairKits/_Shared/BalanceData/Struct_RepKit_BaseData.Struct_RepKit_BaseData'	10
repkit_manufacturerdata	RepKit_ManufacturerData	Asset'/Game/Gear/RepairKits/_Shared/BalanceData/Struct_RepKit_Manufacturer.Struct_RepKit_Manufacturer'	9
shield_augment_armor	Shield_Augment_Armor	Asset'/Game/Gear/Shields/BalanceData/Struct_ShieldTest_2.Struct_ShieldTest_2'	14
shield_augment_energy	Shield_Augment_Energy	Asset'/Game/Gear/Shields/BalanceData/Struct_ShieldTest_2.Struct_ShieldTest_2'	12
shield_augment_init	Shield_Augment_Init	Asset'/Game/Gear/Shields/BalanceData/Struct_ShieldTest.Struct_ShieldTest'	45
shield_augment_universal	Shield_Augment_Universal	Asset'/Game/Gear/Shields/BalanceData/Struct_ShieldTest_2.Struct_ShieldTest_2'	22
shield_manufacturers	Shield_Manufacturers	Asset'/Game/Gear/Shields/BalanceData/Struct_ShieldTest.Struct_ShieldTest'	8
shield_rarity_init	Shield_Rarity_Init	Asset'/Game/Gear/Shields/BalanceData/Struct_ShieldTest.Struct_ShieldTest'	5
shieldnametable	ShieldNameTable	Asset'/Script/OakGame.ShieldNamingRow'	45
status_application_defaults	Status_Application_Defaults	Asset'/Script/OakGame.GbxStatusEffectApplicationDefaults_OakDamage'	6
table_activitydefs_dynamicevents	Table_ActivityDefs_DynamicEvents	Asset'/Game/GameData/Activities/ActivityDefs/Structs/Struct_ActivityDef_Settings.Struct_ActivityDef_Settings'	19
table_activitydefs_migrationevents	Table_ActivityDefs_MigrationEvents	Asset'/Game/GameData/Activities/ActivityDefs/Structs/Struct_ActivityDef_Settings.Struct_ActivityDef_Settings'	13
table_activitydefs_worldevents	Table_ActivityDefs_WorldEvents	Asset'/Game/GameData/Activities/ActivityDefs/Structs/Struct_ActivityDef_Settings.Struct_ActivityDef_Settings'	4
table_ammo_per_pickup	table_ammo_per_pickup	Asset'/Game/GameData/DataTables/Structs/Struct_FloatColumn.Struct_FloatColumn'	5
table_badass_limit_perplayer	Table_Badass_Limit_PerPlayer	Asset'/Script/OakGame.PlayerCountDefinedValueRow'	13
table_badass_weight_perplayer	Table_Badass_Weight_PerPlayer	Asset'/Script/OakGame.PlayerCountDefinedValueRow'	13
table_badasskraggon_limit_perplayer	Table_BadassKraggon_Limit_PerPlayer	Asset'/Script/OakGame.PlayerCountDefinedValueRow'	13
table_banditturret_balance	Table_BanditTurret_Balance	Asset'/Game/AI/_Shared/Structs/Struct_AIBalance.Struct_AIBalance'	8
table_banditturret_unique	Table_BanditTurret_Unique	Asset'/Game/AI/_Shared/Structs/Struct_AIBalance.Struct_AIBalance'	4
table_banjo_dedicateddrops	Table_Banjo_DedicatedDrops	Asset'/Script/OakGame.DedicatedDropsTableRow'	4
table_banjobossreplay_costs	Table_BanjoBossReplay_Costs	Asset'/Game/GameData/Balance/Structs/Struct_BossReplay_Costs.Struct_BossReplay_Costs'	1
table_bat_balance	Table_Bat_Balance	Asset'/Game/AI/_Shared/Structs/Struct_AIBalance.Struct_AIBalance'	7
table_batunique_balance	Table_BatUnique_Balance	Asset'/Game/AI/_Shared/Structs/Struct_AIBalance.Struct_AIBalance'	6
table_beast_balance	Table_Beast_Balance	Asset'/Game/AI/_Shared/Structs/Struct_AIBalance.Struct_AIBalance'	11
table_beastunique_balance	Table_BeastUnique_Balance	Asset'/Game/AI/_Shared/Structs/Struct_AIBalance.Struct_AIBalance'	8
table_bossreplay_costs	Table_BossReplay_Costs	Asset'/Game/GameData/Balance/Structs/Struct_BossReplay_Costs.Struct_BossReplay_Costs'	40
table_brute_balance	Table_Brute_Balance	Asset'/Game/AI/_Shared/Structs/Struct_AIBalance.Struct_AIBalance'	13
table_brute_facelaser_balance	Table_Brute_FaceLaser_Balance	Asset'/Game/AI/_Shared/Weapons/Struct_AI_WeaponInit.Struct_AI_WeaponInit'	4
table_bruteunique_balance	Table_BruteUnique_Balance	Asset'/Game/AI/_Shared/Structs/Struct_AIBalance.Struct_AIBalance'	9
table_cat_balance	Table_Cat_Balance	Asset'/Game/AI/_Shared/Structs/Struct_AIBalance.Struct_AIBalance'	9
table_catunique_balance	Table_CatUnique_Balance	Asset'/Game/AI/_Shared/Structs/Struct_AIBalance.Struct_AIBalance'	5
table_cello_balance	Table_Cello_Balance	Asset'/Game/AI/_Shared/Structs/Struct_AIBalance.Struct_AIBalance'	41
table_cello_dedicateddrops	Table_Cello_DedicatedDrops	Asset'/Script/OakGame.DedicatedDropsTableRow'	16
table_cellobossreplay_costs	Table_CelloBossReplay_Costs	Asset'/Game/GameData/Balance/Structs/Struct_BossReplay_Costs.Struct_BossReplay_Costs'	4
table_challengerewards	Table_ChallengeRewards	Asset'/Game/GameData/Missions/Struct_MissionReward.Struct_MissionReward'	3
table_challengerewards_activities_collectibles	Table_ChallengeRewards_Activities_Collectibles	Asset'/Game/GameData/Balance/Structs/Struct_ChallengeReward_ECHOTokens.Struct_ChallengeReward_ECHOTokens'	13
table_contractrewards	Table_ContractRewards	Asset'/Game/GameData/Missions/Struct_MissionReward.Struct_MissionReward'	3
table_cowbell_dedicateddrops	Table_Cowbell_DedicatedDrops	Asset'/Script/OakGame.DedicatedDropsTableRow'	29
table_cowbellbossreplay_costs	Table_CowbellBossReplay_Costs	Asset'/Game/GameData/Balance/Structs/Struct_BossReplay_Costs.Struct_BossReplay_Costs'	7
table_crazyearl_attacks	Table_CrazyEarl_Attacks	Asset'/Game/AI/Bosses/_Shared/Structs/Struct_Boss_Attacks.Struct_Boss_Attacks'	15
table_crazyearl_balance	Table_CrazyEarl_Balance	Asset'/Game/AI/_Shared/Structs/Struct_AIBalance.Struct_AIBalance'	4
table_creep_balance	Table_Creep_Balance	Asset'/Game/AI/_Shared/Structs/Struct_AIBalance.Struct_AIBalance'	10
table_creepraid1_balance	Table_CreepRaid1_Balance	Asset'/Game/AI/_Shared/Structs/Struct_AIBalance.Struct_AIBalance'	11
table_creepunique_balance	Table_CreepUnique_Balance	Asset'/Game/AI/_Shared/Structs/Struct_AIBalance.Struct_AIBalance'	17
table_dahlfather_attacks	Table_DahlFather_Attacks	Asset'/Game/AI/Bosses/_Shared/Structs/Struct_Boss_Attacks.Struct_Boss_Attacks'	12
table_dahlfather_balance	Table_DahlFather_Balance	Asset'/Game/AI/_Shared/Structs/Struct_AIBalance.Struct_AIBalance'	7
table_dahlgrunt_balance	Table_DahlGrunt_Balance	Asset'/Game/AI/_Shared/Structs/Struct_AIBalance.Struct_AIBalance'	18
table_dahlgrunt_weapon_balance	Table_DahlGrunt_Weapon_Balance	Asset'/Game/AI/_Shared/Weapons/Struct_AI_WeaponInit.Struct_AI_WeaponInit'	2
table_dahlgruntuniques_balance	Table_DahlGruntUniques_Balance	Asset'/Game/AI/_Shared/Structs/Struct_AIBalance.Struct_AIBalance'	5
table_dahlmech_balance	Table_DahlMech_Balance	Asset'/Game/AI/_Shared/Structs/Struct_AIBalance.Struct_AIBalance'	9
table_dahlmech_weapon_balance	Table_dahlMech_Weapon_Balance	Asset'/Game/AI/_Shared/Weapons/Struct_AI_WeaponInit.Struct_AI_WeaponInit'	6
table_dahlmechuniques_balance	Table_DahlMechUniques_Balance	Asset'/Game/AI/_Shared/Structs/Struct_AIBalance.Struct_AIBalance'	7
table_dedicateddropprobability	Table_DedicatedDropProbability	Asset'/Game/GameData/Loot/Balance/DataTables/Struct_DedicatedDropProbability.Struct_DedicatedDropProbability'	2
table_dedicateddropprobability_raid1	Table_DedicatedDropProbability_Raid1	Asset'/Game/GameData/Loot/Balance/DataTables/Struct_DedicatedDropProbability.Struct_DedicatedDropProbability'	1
table_dedicateddropprobability_raid2	Table_DedicatedDropProbability_Raid2	Asset'/Game/GameData/Loot/Balance/DataTables/Struct_DedicatedDropProbability.Struct_DedicatedDropProbability'	1
table_dedicateddropprobability_tuba	Table_DedicatedDropProbability_Tuba	Asset'/Game/GameData/Loot/Balance/DataTables/Struct_DedicatedDropProbability.Struct_DedicatedDropProbability'	3
table_dedicateddrops	Table_DedicatedDrops	Asset'/Script/OakGame.DedicatedDropsTableRow'	100
table_defect_balance	Table_Defect_Balance	Asset'/Game/AI/_Shared/Structs/Struct_AIBalance.Struct_AIBalance'	2
table_difficulty_hardcore	Table_Difficulty_Hardcore	Asset'/Game/GameData/Balance/Struct_Player_Difficulty_Balance.Struct_Player_Difficulty_Balance'	1
table_difficulty_mayhem	Table_Difficulty_Mayhem	Asset'/Game/GameData/Balance/Struct_Player_Difficulty_Balance.Struct_Player_Difficulty_Balance'	20
table_difficulty_standard	Table_Difficulty_Standard	Asset'/Game/GameData/Balance/Struct_Player_Difficulty_Balance.Struct_Player_Difficulty_Balance'	3
table_difficulty_uvh	Table_Difficulty_UVH	Asset'/Game/GameData/Balance/Struct_Player_Difficulty_Balance.Struct_Player_Difficulty_Balance'	10
table_dlcbossreplay_costs	Table_DLCBossReplay_Costs	Asset'/Game/GameData/Balance/Structs/Struct_BossReplay_Costs.Struct_BossReplay_Costs'	2
table_drone_balance	Table_Drone_Balance	Asset'/Game/AI/_Shared/Structs/Struct_AIBalance.Struct_AIBalance'	14
table_droneunique_balance	Table_DroneUnique_Balance	Asset'/Game/AI/_Shared/Structs/Struct_AIBalance.Struct_AIBalance'	7
table_enemy_gamestage_variance	Table_Enemy_GameStage_Variance	Asset'/Game/GameData/Balance/Struct_EnemyVariance_Balance.Struct_EnemyVariance_Balance'	11
table_enemydrops	Table_EnemyDrops	Asset'/Game/GameData/Loot/Balance/DataTables/Struct_EnemyDrops.Struct_EnemyDrops'	11
table_eventsdlc1	Table_EventsDLC1	Asset'/Game/GameData/Activities/ActivityDefs/Structs/Struct_ActivityDef_Settings.Struct_ActivityDef_Settings'	7
table_exo_action_skill_balance	table_exo_action_skill_balance	Asset'/Game/PlayerCharacters/_Shared/Skills/Struct_SkillBalance.Struct_SkillBalance'	48
table_exo_balance_autolock	Table_Exo_Balance_AutoLock	Asset'/Game/PlayerCharacters/_Shared/Skills/Struct_SkillBalance.Struct_SkillBalance'	27
table_exo_balance_bunkerbuster	Table_Exo_Balance_BunkerBuster	Asset'/Game/PlayerCharacters/_Shared/Skills/Struct_SkillBalance.Struct_SkillBalance'	26
table_exo_balance_challenges	Table_Exo_Balance_Challenges	Asset'/Game/PlayerCharacters/_Shared/Skills/Struct_SkillBalance.Struct_SkillBalance'	6
table_exo_balance_classmods	Table_Exo_Balance_ClassMods	Asset'/Game/PlayerCharacters/_Shared/Skills/Struct_SkillBalance.Struct_SkillBalance'	7
table_exo_balance_heavyarms	Table_Exo_Balance_HeavyArms	Asset'/Game/PlayerCharacters/_Shared/Skills/Struct_SkillBalance.Struct_SkillBalance'	31
table_exo_balance_passives	Table_Exo_Balance_Passives	Asset'/Game/PlayerCharacters/_Shared/Skills/Struct_SkillBalance.Struct_SkillBalance'	84
table_fisharmy	Table_FishArmy	Asset'/Game/AI/_Shared/Structs/Struct_AIBalance.Struct_AIBalance'	7
table_grassboss_attacks	Table_GrassBoss_Attacks	Asset'/Game/AI/Bosses/_Shared/Structs/Struct_Boss_Attacks.Struct_Boss_Attacks'	35
table_grassboss_balance	Table_GrassBoss_Balance	Asset'/Game/AI/_Shared/Structs/Struct_AIBalance.Struct_AIBalance'	9
table_grassboss_ballistamanager	Table_GrassBoss_BallistaManager	Asset'/Game/AI/Bosses/_Shared/Structs/Struct_Boss_Attacks.Struct_Boss_Attacks'	7
table_grassboss_consumecontrol	Table_GrassBoss_ConsumeControl	Asset'/Game/AI/Bosses/_Shared/Structs/Struct_Boss_Attacks.Struct_Boss_Attacks'	9
table_grassboss_grunts	Table_GrassBoss_Grunts	Asset'/Game/AI/Bosses/_Shared/Structs/Struct_Boss_Attacks.Struct_Boss_Attacks'	4
table_grassguard_attacks	Table_GrassGuard_Attacks	Asset'/Game/AI/Bosses/_Shared/Structs/Struct_Boss_Attacks.Struct_Boss_Attacks'	45
table_grassguard_balance	Table_GrassGuard_Balance	Asset'/Game/AI/_Shared/Structs/Struct_AIBalance.Struct_AIBalance'	5
table_grassguard_manage_corrosion_veil	Table_GrassGuard_Manage_Corrosion_Veil	Asset'/Game/AI/Bosses/_Shared/Structs/Struct_Boss_Attacks.Struct_Boss_Attacks'	5
table_grav_balance_challenges	Table_Grav_Balance_Challenges	Asset'/Game/PlayerCharacters/_Shared/Skills/Struct_SkillBalance.Struct_SkillBalance'	6
table_grav_balance_classmods	Table_Grav_Balance_ClassMods	Asset'/Game/PlayerCharacters/_Shared/Skills/Struct_SkillBalance.Struct_SkillBalance'	10
table_grav_balance_exodus2	Table_Grav_Balance_Exodus2	Asset'/Game/PlayerCharacters/_Shared/Skills/Struct_SkillBalance.Struct_SkillBalance'	18
table_grav_balance_passives	Table_Grav_Balance_Passives	Asset'/Game/PlayerCharacters/_Shared/Skills/Struct_SkillBalance.Struct_SkillBalance'	89
table_grav_balance_stasis2	Table_Grav_Balance_Stasis2	Asset'/Game/PlayerCharacters/_Shared/Skills/Struct_SkillBalance.Struct_SkillBalance'	25
table_grav_balance_terminal2	Table_Grav_Balance_Terminal2	Asset'/Game/PlayerCharacters/_Shared/Skills/Struct_SkillBalance.Struct_SkillBalance'	19
table_grav_balance_trait	Table_Grav_Balance_Trait	Asset'/Game/PlayerCharacters/_Shared/Skills/Struct_SkillBalance.Struct_SkillBalance'	2
table_grunt_balance	Table_Grunt_Balance	Asset'/Game/AI/_Shared/Structs/Struct_AIBalance.Struct_AIBalance'	7
table_gruntunique_balance	Table_GruntUnique_Balance	Asset'/Game/AI/_Shared/Structs/Struct_AIBalance.Struct_AIBalance'	2
table_guardian_attacks	Table_Guardian_Attacks	Asset'/Game/AI/Bosses/_Shared/Structs/Struct_Boss_Attacks.Struct_Boss_Attacks'	46
table_guardian_balance	Table_Guardian_Balance	Asset'/Game/AI/_Shared/Structs/Struct_AIBalance.Struct_AIBalance'	4
table_gunship_balance	Table_GunShip_Balance	Asset'/Game/AI/_Shared/Structs/Struct_AIBalance.Struct_AIBalance'	11
table_gunship_maingun_balance	Table_GunShip_MainGun_Balance	Asset'/Game/AI/_Shared/Weapons/Struct_AI_WeaponInit.Struct_AI_WeaponInit'	1
table_guntoter_balance	Table_GunToter_Balance	Asset'/Game/AI/_Shared/Structs/Struct_AIBalance.Struct_AIBalance'	14
table_guntoterunique_balance	Table_GunToterUnique_Balance	Asset'/Game/AI/_Shared/Structs/Struct_AIBalance.Struct_AIBalance'	14
table_hazard_damage	Table_Hazard_Damage	Asset'/Game/PlayerCharacters/_Shared/Balance/Struct_Table_Characters.Struct_Table_Characters'	9
table_hoverdrivebonuses	Table_HoverDriveBonuses	Asset'/Game/Gear/Vehicles/HoverDrives/_Shared/BalanceData/Struct_HoverDriveBonuses.Struct_HoverDriveBonuses'	21
table_icehandtrap_mountboss_balance	Table_IceHandTrap_MountBoss_Balance	Asset'/Game/AI/_Shared/Structs/Struct_AIBalance.Struct_AIBalance'	0
table_infamy_rewards	Table_Infamy_Rewards	Asset'/Game/GameData/Balance/Struct_Infamy_Rewards.Struct_Infamy_Rewards'	7
table_kraggon_balance	Table_Kraggon_Balance	Asset'/Game/AI/_Shared/Structs/Struct_AIBalance.Struct_AIBalance'	10
table_kraggonunique_balance	Table_KraggonUnique_Balance	Asset'/Game/AI/_Shared/Structs/Struct_AIBalance.Struct_AIBalance'	7
table_leader_balance	Table_Leader_Balance	Asset'/Game/AI/_Shared/Structs/Struct_AIBalance.Struct_AIBalance'	5
table_leaderunique_balance	Table_LeaderUnique_Balance	Asset'/Game/AI/_Shared/Structs/Struct_AIBalance.Struct_AIBalance'	14
table_loot_gamestage_minusone	Table_Loot_GameStage_MinusOne	Asset'/Script/OakGame.LootGameStageTableRow'	5
table_lootablebalance	Table_LootableBalance	Asset'/Script/OakGame.LocalRarityModiferData'	8
table_mandolin_bosses_balance	Table_Mandolin_Bosses_Balance	Asset'/Game/AI/_Shared/Structs/Struct_AIBalance.Struct_AIBalance'	23
table_mandolin_brute_balance	Table_Mandolin_Brute_Balance	Asset'/Game/AI/_Shared/Structs/Struct_AIBalance.Struct_AIBalance'	14
table_mandolin_dedicateddrops	Table_Mandolin_DedicatedDrops	Asset'/Script/OakGame.DedicatedDropsTableRow'	6
table_mandolin_leader_balance	Table_Mandolin_Leader_Balance	Asset'/Game/AI/_Shared/Structs/Struct_AIBalance.Struct_AIBalance'	6
table_mandolin_soldier_balance	Table_Mandolin_Soldier_Balance	Asset'/Game/AI/_Shared/Structs/Struct_AIBalance.Struct_AIBalance'	11
table_mandolin_striker_balance	Table_Mandolin_Striker_Balance	Asset'/Game/AI/_Shared/Structs/Struct_AIBalance.Struct_AIBalance'	10
table_mandolinbossreplay_costs	Table_MandolinBossReplay_Costs	Asset'/Game/GameData/Balance/Structs/Struct_BossReplay_Costs.Struct_BossReplay_Costs'	3
table_meathead_balance	Table_Meathead_Balance	Asset'/Game/AI/_Shared/Structs/Struct_AIBalance.Struct_AIBalance'	7
table_meathead_weapon_balance	Table_Meathead_Weapon_Balance	Asset'/Game/AI/_Shared/Weapons/Struct_AI_WeaponInit.Struct_AI_WeaponInit'	4
table_meatheadunique_balance	Table_MeatheadUnique_Balance	Asset'/Game/AI/_Shared/Structs/Struct_AIBalance.Struct_AIBalance'	25
table_mercenaryday_balance	Table_MercenaryDay_Balance	Asset'/Game/AI/_Shared/Structs/Struct_AIBalance.Struct_AIBalance'	10
table_missioninfamy	Table_MissionInfamy	Asset'/Game/GameData/Missions/Struct_MissionInfamy.Struct_MissionInfamy'	10
table_missionreward	Table_MissionReward	Asset'/Game/GameData/Missions/Struct_MissionReward.Struct_MissionReward'	12
table_missionreward_rarity	Table_MissionReward_Rarity	Asset'/Script/OakGame.RarityWeightData'	20
table_missionrewardtier	Table_MissionRewardTier	Asset'/Game/GameData/Missions/Struct_MissionRewardTier.Struct_MissionRewardTier'	1
table_mountboss_attacks	Table_MountBoss_Attacks	Asset'/Game/AI/Bosses/_Shared/Structs/Struct_Boss_Attacks.Struct_Boss_Attacks'	14
table_mountboss_balance	Table_MountBoss_Balance	Asset'/Game/AI/_Shared/Structs/Struct_AIBalance.Struct_AIBalance'	5
table_mountboss_limbs_balance	Table_MountBoss_Limbs_Balance	Asset'/Game/AI/_Shared/Structs/Struct_AIBalance.Struct_AIBalance'	1
table_mountguard_balance	Table_MountGuard_Balance	Asset'/Game/AI/_Shared/Structs/Struct_AIBalance.Struct_AIBalance'	1
table_mountguard_v02_attacks	Table_MountGuard_V02_Attacks	Asset'/Game/AI/Bosses/_Shared/Structs/Struct_Boss_Attacks.Struct_Boss_Attacks'	64
table_mountguard_v02_balance	Table_MountGuard_V02_Balance	Asset'/Game/AI/_Shared/Structs/Struct_AIBalance.Struct_AIBalance'	4
table_mountguard_v02_puddles	Table_MountGuard_V02_Puddles	Asset'/Game/AI/Bosses/_Shared/Structs/Struct_Boss_Attacks.Struct_Boss_Attacks'	5
table_npc_balance	Table_NPC_Balance	Asset'/Game/AI/_Shared/Structs/Struct_AIBalance.Struct_AIBalance'	2
table_oldthrash_unique_balance	Table_OldThrash_Unique_Balance	Asset'/Game/AI/_Shared/Structs/Struct_AIBalance.Struct_AIBalance'	1
table_orderuniques	Table_OrderUniques	Asset'/Game/AI/_Shared/Structs/Struct_AIBalance.Struct_AIBalance'	4
table_pangolin_balance	Table_Pangolin_Balance	Asset'/Game/AI/_Shared/Structs/Struct_AIBalance.Struct_AIBalance'	11
table_pangolinunique_balance	Table_PangolinUnique_Balance	Asset'/Game/AI/_Shared/Structs/Struct_AIBalance.Struct_AIBalance'	7
table_phalanx_balance	Table_Phalanx_Balance	Asset'/Game/AI/_Shared/Structs/Struct_AIBalance.Struct_AIBalance'	12
table_phalanxunique_balance	Table_PhalanxUnique_Balance	Asset'/Game/AI/_Shared/Structs/Struct_AIBalance.Struct_AIBalance'	17
table_playercountspawnbalancedata	Table_PlayerCountSpawnBalanceData	Asset'/Script/OakGame.PlayerCountDefinedValueRow'	6
table_prisonbuddy	Table_PrisonBuddy	Asset'/Game/AI/_Shared/Structs/Struct_AIBalance.Struct_AIBalance'	4
table_psycho_balance	Table_Psycho_Balance	Asset'/Game/AI/_Shared/Structs/Struct_AIBalance.Struct_AIBalance'	12
table_psychounique_balance	Table_PsychoUnique_Balance	Asset'/Game/AI/_Shared/Structs/Struct_AIBalance.Struct_AIBalance'	33
table_raid1_dedicateddrops	Table_Raid1_DedicatedDrops	Asset'/Script/OakGame.DedicatedDropsTableRow'	2
table_raid1bossreplay_costs	Table_Raid1BossReplay_Costs	Asset'/Game/GameData/Balance/Structs/Struct_BossReplay_Costs.Struct_BossReplay_Costs'	1
table_raid2_balance	Table_Raid2_Balance	Asset'/Game/AI/_Shared/Structs/Struct_AIBalance.Struct_AIBalance'	23
table_raid2_dedicateddrops	Table_Raid2_DedicatedDrops	Asset'/Script/OakGame.DedicatedDropsTableRow'	4
table_raid2replaycosts	Table_Raid2ReplayCosts	Asset'/Game/GameData/Balance/Structs/Struct_BossReplay_Costs.Struct_BossReplay_Costs'	1
table_regiondifficulty_city	Table_RegionDifficulty_City	Asset'/Script/OakGame.WorldDifficultyBalanceData'	4
table_regiondifficulty_grasslands	Table_RegionDifficulty_Grasslands	Asset'/Script/OakGame.WorldDifficultyBalanceData'	4
table_regiondifficulty_infamy	Table_RegionDifficulty_Infamy	Asset'/Script/OakGame.WorldDifficultyBalanceData'	26
table_regiondifficulty_mountains	Table_RegionDifficulty_Mountains	Asset'/Script/OakGame.WorldDifficultyBalanceData'	4
table_regiondifficulty_shatteredlands	Table_RegionDifficulty_Shatteredlands	Asset'/Script/OakGame.WorldDifficultyBalanceData'	4
table_regiondifficulty_test	Table_RegionDifficulty_Test	Asset'/Script/OakGame.WorldDifficultyBalanceData'	4
table_repkit_uniques	Table_RepKit_Uniques	Asset'/Game/Gear/RepairKits/_Shared/BalanceData/Struct_RepKit_Augment.Struct_RepKit_Augment'	8
table_riftcreepunique_balance	Table_RiftCreepUnique_Balance	Asset'/Game/AI/_Shared/Structs/Struct_AIBalance.Struct_AIBalance'	2
table_ripperturret_weapon_balance	Table_RipperTurret_Weapon_Balance	Asset'/Game/AI/_Shared/Weapons/Struct_AI_WeaponInit.Struct_AI_WeaponInit'	5
table_scav_turret_unique	Table_Scav_Turret_Unique	Asset'/Game/AI/_Shared/Structs/Struct_AIBalance.Struct_AIBalance'	4
table_scav_unique	Table_Scav_Unique	Asset'/Game/AI/_Shared/Structs/Struct_AIBalance.Struct_AIBalance'	13
table_scavguntoter_balance	Table_ScavGunToter_Balance	Asset'/Game/AI/_Shared/Structs/Struct_AIBalance.Struct_AIBalance'	11
table_scavoutlaw_balance	Table_ScavOutlaw_Balance	Asset'/Game/AI/_Shared/Structs/Struct_AIBalance.Struct_AIBalance'	5
table_scavpsycho_balance	Table_ScavPsycho_Balance	Asset'/Game/AI/_Shared/Structs/Struct_AIBalance.Struct_AIBalance'	8
table_scavpsycho_unique_balance	Table_ScavPsycho_Unique_Balance	Asset'/Game/AI/_Shared/Structs/Struct_AIBalance.Struct_AIBalance'	1
table_scavsplice_balance	Table_ScavSplice_Balance	Asset'/Game/AI/_Shared/Structs/Struct_AIBalance.Struct_AIBalance'	10
table_scubasynth_balance	Table_ScubaSynth_Balance	Asset'/Game/AI/_Shared/Structs/Struct_AIBalance.Struct_AIBalance'	3
table_shatterboss_attacks	Table_ShatterBoss_Attacks	Asset'/Game/AI/Bosses/_Shared/Structs/Struct_Boss_Attacks.Struct_Boss_Attacks'	11
table_shatterboss_attacks_shared	Table_ShatterBoss_Attacks_shared	Asset'/Game/AI/Bosses/_Shared/Structs/Struct_Boss_Attacks.Struct_Boss_Attacks'	19
table_shatterboss_health	Table_ShatterBoss_Health	Asset'/Game/AI/_Shared/Structs/Struct_AIBalance.Struct_AIBalance'	21
table_shatterguard_attacks	Table_ShatterGuard_Attacks	Asset'/Game/AI/Bosses/_Shared/Structs/Struct_Boss_Attacks.Struct_Boss_Attacks'	24
table_shatterguard_balance	Table_ShatterGuard_Balance	Asset'/Game/AI/_Shared/Structs/Struct_AIBalance.Struct_AIBalance'	4
table_shatterguard_veil	Table_ShatterGuard_Veil	Asset'/Game/AI/Bosses/_Shared/Structs/Struct_Boss_Attacks.Struct_Boss_Attacks'	1
table_shield_armor_uniques	Table_Shield_Armor_Uniques	Asset'/Game/Gear/Shields/BalanceData/Struct_Shield_Unique_Armor.Struct_Shield_Unique_Armor'	8
table_shield_energy_uniques	Table_Shield_Energy_Uniques	Asset'/Game/Gear/Shields/BalanceData/Struct_Shield_Unique_Energy.Struct_Shield_Unique_Energy'	10
table_shootloot_balance	Table_Shootloot_Balance	Asset'/Game/AI/_Shared/Structs/Struct_AIBalance.Struct_AIBalance'	3
table_siren_balance_classmods	Table_Siren_Balance_ClassMods	Asset'/Game/PlayerCharacters/_Shared/Balance/Struct_Table_Characters.Struct_Table_Characters'	2
table_soldier_balance	Table_Soldier_Balance	Asset'/Game/AI/_Shared/Structs/Struct_AIBalance.Struct_AIBalance'	11
table_soldierunique_balance	Table_SoldierUnique_Balance	Asset'/Game/AI/_Shared/Structs/Struct_AIBalance.Struct_AIBalance'	10
table_splice_balance	Table_Splice_Balance	Asset'/Game/AI/_Shared/Structs/Struct_AIBalance.Struct_AIBalance'	10
table_splicespiderjumbo_weapon_balance	Table_SpliceSpiderJumbo_Weapon_Balance	Asset'/Game/AI/_Shared/Weapons/Struct_AI_WeaponInit.Struct_AI_WeaponInit'	1
table_spliceunique_balance	Table_SpliceUnique_Balance	Asset'/Game/AI/_Shared/Structs/Struct_AIBalance.Struct_AIBalance'	23
table_striker_balance	Table_Striker_Balance	Asset'/Game/AI/_Shared/Structs/Struct_AIBalance.Struct_AIBalance'	10
table_strikerunique_balance	Table_StrikerUnique_Balance	Asset'/Game/AI/_Shared/Structs/Struct_AIBalance.Struct_AIBalance'	8
table_takedown_timers	Table_Takedown_Timers	Asset'/Game/DLC/Tuba/GameData/Balance/Struct_Takedown_Timers.Struct_Takedown_Timers'	2
table_thresher_balance	Table_Thresher_Balance	Asset'/Game/AI/_Shared/Structs/Struct_AIBalance.Struct_AIBalance'	13
table_thresher_unique_balance	Table_Thresher_Unique_Balance	Asset'/Game/AI/_Shared/Structs/Struct_AIBalance.Struct_AIBalance'	11
table_threshernm_balance	Table_ThresherNM_Balance	Asset'/Game/AI/_Shared/Structs/Struct_AIBalance.Struct_AIBalance'	8
table_threshowar_unique_balance	Table_ThreshOWar_Unique_Balance	Asset'/Game/AI/_Shared/Structs/Struct_AIBalance.Struct_AIBalance'	3
table_tkboss_attacks	Table_TKBoss_Attacks	Asset'/Game/AI/Bosses/_Shared/Structs/Struct_Boss_Attacks.Struct_Boss_Attacks'	13
table_tkboss_balance	Table_TKBoss_Balance	Asset'/Game/AI/_Shared/Structs/Struct_AIBalance.Struct_AIBalance'	2
table_tkguard_attacks	Table_TkGuard_Attacks	Asset'/Game/AI/Bosses/_Shared/Structs/Struct_Boss_Attacks.Struct_Boss_Attacks'	17
table_tkguard_healthbalance	Table_TKGuard_HealthBalance	Asset'/Game/AI/_Shared/Structs/Struct_AIBalance.Struct_AIBalance'	2
table_traitchance_difficulty	Table_TraitChance_Difficulty	Asset'/Game/GameData/Balance/Struct_Enemy_Ranks.Struct_Enemy_Ranks'	13
table_traitchance_infamy	Table_TraitChance_Infamy	Asset'/Game/GameData/Balance/Struct_Enemy_Ranks.Struct_Enemy_Ranks'	21
table_traits_balance	Table_Traits_Balance	Asset'/Game/AI/_Shared/Structs/Struct_AIBalance.Struct_AIBalance'	3
table_tuba_dedicateddrops	Table_Tuba_DedicatedDrops	Asset'/Script/OakGame.DedicatedDropsTableRow'	8
table_tubaboss_attacks	Table_TubaBoss_Attacks	Asset'/Game/AI/Bosses/_Shared/Structs/Struct_Boss_Attacks.Struct_Boss_Attacks'	9
table_tubaboss_balance	Table_TubaBoss_Balance	Asset'/Game/AI/_Shared/Structs/Struct_AIBalance.Struct_AIBalance'	1
table_vcchallengerewards	Table_VCChallengeRewards	Asset'/Game/DLC/Common/VaultCard/Challenges/Struct_VCChallengeReward.Struct_VCChallengeReward'	4
table_weaponborgcharge_init	Table_WeaponBorgCharge_Init	Asset'/Game/Gear/Weapons/_Shared/BalanceData/BorgChargeData/Struct_Weapon_Charge.Struct_Weapon_Charge'	26
table_worlddifficulty_heavy	Table_WorldDifficulty_Heavy	Asset'/Game/GameData/Balance/Struct_Enemy_Ranks.Struct_Enemy_Ranks'	6
table_worlddifficulty_light	Table_WorldDifficulty_Light	Asset'/Game/GameData/Balance/Struct_Enemy_Ranks.Struct_Enemy_Ranks'	6
table_worlddifficulty_moderate	Table_WorldDifficulty_Moderate	Asset'/Game/GameData/Balance/Struct_Enemy_Ranks.Struct_Enemy_Ranks'	6
table_worlddifficulty_superheavy	Table_WorldDifficulty_SuperHeavy	Asset'/Game/GameData/Balance/Struct_Enemy_Ranks.Struct_Enemy_Ranks'	6
ted_payloadprefix_table	TED_PayloadPrefix_Table	Asset'/Game/Gear/Weapons/_Shared/NamingStrategies/TED_PayloadPrefix_Table_Struct.TED_PayloadPrefix_Table_Struct'	10
ted_weapon_licensedpartprefix_table	TED_Weapon_LicensedPartPrefix_Table	Asset'/Game/Gear/Weapons/_Shared/NamingStrategies/DAD_LicensedPart_Table_Struct.DAD_LicensedPart_Table_Struct'	3
ted_weapon_statprefix_table	TED_Weapon_StatPrefix_Table	Asset'/Game/Gear/Weapons/_Shared/NamingStrategies/WeaponNamingStruct.WeaponNamingStruct'	8
terminal_augment	Terminal_Augment	Asset'/Game/Gear/Gadgets/Terminals/_Shared/BalanceData/Struct_Terminal_Init.Struct_Terminal_Init'	27
terminal_manufacturer_init	terminal_manufacturer_init	Asset'/Game/Gear/Gadgets/Terminals/_Shared/BalanceData/Struct_Terminal_Init.Struct_Terminal_Init'	11
terminal_rarity_init	terminal_rarity_init	Asset'/Game/Gear/Gadgets/Terminals/_Shared/BalanceData/Struct_Terminal_Init.Struct_Terminal_Init'	5
terminal_type_init	Terminal_Type_Init	Asset'/Game/Gear/Gadgets/Terminals/_Shared/BalanceData/Struct_Terminal_Init.Struct_Terminal_Init'	3
terminalnamingtable	TerminalNamingTable	Asset'/Script/OakGame.ShieldNamingRow'	0
tor_mag_radius_values	TOR_Mag_Radius_Values	Asset'/Game/GameData/DataTables/Structs/Struct_FloatColumn.Struct_FloatColumn'	8
tor_stickybonus_values	TOR_StickyBonus_Values	Asset'/Game/GameData/DataTables/Structs/Struct_FloatColumn.Struct_FloatColumn'	1
tor_weapon_licensedpartprefix_table	TOR_Weapon_LicensedPartPrefix_Table	Asset'/Game/Gear/Weapons/_Shared/NamingStrategies/DAD_LicensedPart_Table_Struct.DAD_LicensedPart_Table_Struct'	4
tor_weapon_statprefix_table	TOR_Weapon_StatPrefix_Table	Asset'/Game/Gear/Weapons/_Shared/NamingStrategies/WeaponNamingStruct.WeaponNamingStruct'	9
torgueheavyweaponnamingbodyprefix	TorgueHeavyWeaponNamingBodyPrefix	Asset'/Script/OakGame.HeavyWeaponNamingRow'	7
torgueheavyweaponnamingtablebarrel1	TorgueHeavyWeaponNamingTableBarrel1	Asset'/Script/OakGame.HeavyWeaponNamingRow'	5
torgueheavyweaponnamingtablebarrel2	TorgueHeavyWeaponNamingTableBarrel2	Asset'/Script/OakGame.HeavyWeaponNamingRow'	5
turretnamingtable	TurretNamingTable	Asset'/Script/OakGame.ShieldNamingRow'	0
unique_ar_barrel_init	Unique_AR_Barrel_Init	Asset'/Game/Gear/Weapons/_Shared/BalanceData/BarrelData/Struct_Weapon_Barrel_Init.Struct_Weapon_Barrel_Init'	18
unique_barrel_init_banjo	Unique_Barrel_Init_Banjo	Asset'/Game/Gear/Weapons/_Shared/BalanceData/BarrelData/Struct_Weapon_Barrel_Init.Struct_Weapon_Barrel_Init'	7
unique_barrel_init_cello	Unique_Barrel_Init_Cello	Asset'/Game/Gear/Weapons/_Shared/BalanceData/BarrelData/Struct_Weapon_Barrel_Init.Struct_Weapon_Barrel_Init'	16
unique_barrel_init_cowbell	Unique_Barrel_Init_Cowbell	Asset'/Game/Gear/Weapons/_Shared/BalanceData/BarrelData/Struct_Weapon_Barrel_Init.Struct_Weapon_Barrel_Init'	13
unique_barrel_init_mandolin	Unique_Barrel_Init_Mandolin	Asset'/Game/Gear/Weapons/_Shared/BalanceData/BarrelData/Struct_Weapon_Barrel_Init.Struct_Weapon_Barrel_Init'	7
unique_barrel_init_patch_1025	Unique_Barrel_Init_Patch_1025	Asset'/Game/Gear/Weapons/_Shared/BalanceData/BarrelData/Struct_Weapon_Barrel_Init.Struct_Weapon_Barrel_Init'	1
unique_barrel_init_pearldrop	Unique_Barrel_Init_PearlDrop	Asset'/Game/Gear/Weapons/_Shared/BalanceData/BarrelData/Struct_Weapon_Barrel_Init.Struct_Weapon_Barrel_Init'	8
unique_barrel_init_raid1	Unique_Barrel_Init_Raid1	Asset'/Game/Gear/Weapons/_Shared/BalanceData/BarrelData/Struct_Weapon_Barrel_Init.Struct_Weapon_Barrel_Init'	2
unique_barrel_init_raid2	Unique_Barrel_Init_Raid2	Asset'/Game/Gear/Weapons/_Shared/BalanceData/BarrelData/Struct_Weapon_Barrel_Init.Struct_Weapon_Barrel_Init'	6
unique_barrel_init_tuba	Unique_Barrel_Init_Tuba	Asset'/Game/Gear/Weapons/_Shared/BalanceData/BarrelData/Struct_Weapon_Barrel_Init.Struct_Weapon_Barrel_Init'	6
unique_grenademod_init_banjo	Unique_GrenadeMod_Init_banjo	Asset'/Game/Gear/GrenadeGadgets/_Shared/BalanceData/Struct_GrenadeMod_Augment.Struct_GrenadeMod_Augment'	1
unique_grenademod_init_cello	Unique_GrenadeMod_Init_Cello	Asset'/Game/Gear/GrenadeGadgets/_Shared/BalanceData/Struct_GrenadeMod_Augment.Struct_GrenadeMod_Augment'	1
unique_grenademod_init_cowbell	Unique_GrenadeMod_Init_Cowbell	Asset'/Game/Gear/GrenadeGadgets/_Shared/BalanceData/Struct_GrenadeMod_Augment.Struct_GrenadeMod_Augment'	3
unique_grenademod_init_mandolin	Unique_GrenadeMod_Init_Mandolin	Asset'/Game/Gear/GrenadeGadgets/_Shared/BalanceData/Struct_GrenadeMod_Augment.Struct_GrenadeMod_Augment'	1
unique_grenademod_init_patch_1025	Unique_GrenadeMod_Init_Patch_1025	Asset'/Game/Gear/GrenadeGadgets/_Shared/BalanceData/Struct_GrenadeMod_Augment.Struct_GrenadeMod_Augment'	1
unique_grenademod_init_raid1	Unique_GrenadeMod_Init_Raid1	Asset'/Game/Gear/GrenadeGadgets/_Shared/BalanceData/Struct_GrenadeMod_Augment.Struct_GrenadeMod_Augment'	1
unique_grenademod_init_raid2	Unique_GrenadeMod_Init_Raid2	Asset'/Game/Gear/GrenadeGadgets/_Shared/BalanceData/Struct_GrenadeMod_Augment.Struct_GrenadeMod_Augment'	1
unique_grenademod_init_tuba	Unique_GrenadeMod_Init_Tuba	Asset'/Game/Gear/GrenadeGadgets/_Shared/BalanceData/Struct_GrenadeMod_Augment.Struct_GrenadeMod_Augment'	1
unique_hw_barrels	Unique_HW_Barrels	Asset'/Game/Gear/Gadgets/HeavyWeapons/_Shared/BalanceData/Struct_Gadget_HW_Barrel_Init.Struct_Gadget_HW_Barrel_Init'	9
unique_hw_barrels_banjo	Unique_HW_Barrels_Banjo	Asset'/Game/Gear/Gadgets/HeavyWeapons/_Shared/BalanceData/Struct_Gadget_HW_Barrel_Init.Struct_Gadget_HW_Barrel_Init'	0
unique_hw_barrels_cello	Unique_HW_Barrels_Cello	Asset'/Game/Gear/Gadgets/HeavyWeapons/_Shared/BalanceData/Struct_Gadget_HW_Barrel_Init.Struct_Gadget_HW_Barrel_Init'	1
unique_hw_barrels_cowbell	Unique_HW_Barrels_Cowbell	Asset'/Game/Gear/Gadgets/HeavyWeapons/_Shared/BalanceData/Struct_Gadget_HW_Barrel_Init.Struct_Gadget_HW_Barrel_Init'	2
unique_hw_barrels_mandolin	Unique_HW_Barrels_Mandolin	Asset'/Game/Gear/Gadgets/HeavyWeapons/_Shared/BalanceData/Struct_Gadget_HW_Barrel_Init.Struct_Gadget_HW_Barrel_Init'	2
unique_hw_barrels_raid1	Unique_HW_Barrels_Raid1	Asset'/Game/Gear/Gadgets/HeavyWeapons/_Shared/BalanceData/Struct_Gadget_HW_Barrel_Init.Struct_Gadget_HW_Barrel_Init'	1
unique_hw_barrels_raid2	Unique_HW_Barrels_Raid2	Asset'/Game/Gear/Gadgets/HeavyWeapons/_Shared/BalanceData/Struct_Gadget_HW_Barrel_Init.Struct_Gadget_HW_Barrel_Init'	1
unique_hw_barrels_tuba	Unique_HW_Barrels_Tuba	Asset'/Game/Gear/Gadgets/HeavyWeapons/_Shared/BalanceData/Struct_Gadget_HW_Barrel_Init.Struct_Gadget_HW_Barrel_Init'	1
unique_hw_customvalues	Unique_HW_CustomValues	Asset'/Game/Gear/Weapons/_Shared/BalanceData/UniqueData/Struct_Weapon_Unique_Init.Struct_Weapon_Unique_Init'	4
unique_ps_barrel_init	Unique_PS_Barrel_Init	Asset'/Game/Gear/Weapons/_Shared/BalanceData/BarrelData/Struct_Weapon_Barrel_Init.Struct_Weapon_Barrel_Init'	15
unique_repkit_banjo	Unique_RepKit_Banjo	Asset'/Game/Gear/RepairKits/_Shared/BalanceData/Struct_RepKit_Augment.Struct_RepKit_Augment'	1
unique_repkit_cello	Unique_RepKit_Cello	Asset'/Game/Gear/RepairKits/_Shared/BalanceData/Struct_RepKit_Augment.Struct_RepKit_Augment'	1
unique_repkit_cowbell	Unique_RepKit_Cowbell	Asset'/Game/Gear/RepairKits/_Shared/BalanceData/Struct_RepKit_Augment.Struct_RepKit_Augment'	2
unique_repkit_mandolin	Unique_RepKit_Mandolin	Asset'/Game/Gear/RepairKits/_Shared/BalanceData/Struct_RepKit_Augment.Struct_RepKit_Augment'	2
unique_repkit_raid1	Unique_RepKit_Raid1	Asset'/Game/Gear/RepairKits/_Shared/BalanceData/Struct_RepKit_Augment.Struct_RepKit_Augment'	1
unique_repkit_raid2	Unique_RepKit_Raid2	Asset'/Game/Gear/RepairKits/_Shared/BalanceData/Struct_RepKit_Augment.Struct_RepKit_Augment'	1
unique_repkit_tuba	Unique_RepKit_Tuba	Asset'/Game/Gear/RepairKits/_Shared/BalanceData/Struct_RepKit_Augment.Struct_RepKit_Augment'	1
unique_sg_barrel_init	Unique_SG_Barrel_Init	Asset'/Game/Gear/Weapons/_Shared/BalanceData/BarrelData/Struct_Weapon_Barrel_Init.Struct_Weapon_Barrel_Init'	17
unique_shield_armor_banjo	Unique_Shield_Armor_Banjo	Asset'/Game/Gear/Shields/BalanceData/Struct_Shield_Unique_Armor.Struct_Shield_Unique_Armor'	0
unique_shield_armor_cello	Unique_Shield_Armor_Cello	Asset'/Game/Gear/Shields/BalanceData/Struct_Shield_Unique_Armor.Struct_Shield_Unique_Armor'	1
unique_shield_armor_cowbell	Unique_Shield_Armor_Cowbell	Asset'/Game/Gear/Shields/BalanceData/Struct_Shield_Unique_Armor.Struct_Shield_Unique_Armor'	1
unique_shield_armor_mandolin	Unique_Shield_Armor_Mandolin	Asset'/Game/Gear/Shields/BalanceData/Struct_Shield_Unique_Armor.Struct_Shield_Unique_Armor'	1
unique_shield_armor_raid1	Unique_Shield_Armor_Raid1	Asset'/Game/Gear/Shields/BalanceData/Struct_Shield_Unique_Armor.Struct_Shield_Unique_Armor'	1
unique_shield_armor_raid2	Unique_Shield_Armor_Raid2	Asset'/Game/Gear/Shields/BalanceData/Struct_Shield_Unique_Armor.Struct_Shield_Unique_Armor'	1
unique_shield_armor_tuba	Unique_Shield_Armor_Tuba	Asset'/Game/Gear/Shields/BalanceData/Struct_Shield_Unique_Armor.Struct_Shield_Unique_Armor'	1
unique_shield_energy_cowbell	Unique_Shield_Energy_Cowbell	Asset'/Game/Gear/Shields/BalanceData/Struct_Shield_Unique_Energy.Struct_Shield_Unique_Energy'	2
unique_shield_energy_mandolin	Unique_Shield_Energy_Mandolin	Asset'/Game/Gear/Shields/BalanceData/Struct_Shield_Unique_Energy.Struct_Shield_Unique_Energy'	1
unique_shield_energy_raid2	Unique_Shield_Energy_Raid2	Asset'/Game/Gear/Shields/BalanceData/Struct_Shield_Unique_Energy.Struct_Shield_Unique_Energy'	1
unique_smg_barrel_init	Unique_SMG_Barrel_Init	Asset'/Game/Gear/Weapons/_Shared/BalanceData/BarrelData/Struct_Weapon_Barrel_Init.Struct_Weapon_Barrel_Init'	12
unique_sr_barrel_init	Unique_SR_Barrel_Init	Asset'/Game/Gear/Weapons/_Shared/BalanceData/BarrelData/Struct_Weapon_Barrel_Init.Struct_Weapon_Barrel_Init'	13
unique_underbarrel_init_banjo	Unique_Underbarrel_Init_Banjo	Asset'/Game/Gear/Weapons/_Shared/BalanceData/UnderbarrelData/Struct_Weapon_Underbarrel_Init.Struct_Weapon_Underbarrel_Init'	3
unique_underbarrel_init_cello	Unique_Underbarrel_Init_CEllo	Asset'/Game/Gear/Weapons/_Shared/BalanceData/UnderbarrelData/Struct_Weapon_Underbarrel_Init.Struct_Weapon_Underbarrel_Init'	1
unique_underbarrel_init_cowbell	Unique_Underbarrel_Init_Cowbell	Asset'/Game/Gear/Weapons/_Shared/BalanceData/UnderbarrelData/Struct_Weapon_Underbarrel_Init.Struct_Weapon_Underbarrel_Init'	1
unique_underbarrel_init_mandolin	Unique_Underbarrel_Init_Mandolin	Asset'/Game/Gear/Weapons/_Shared/BalanceData/UnderbarrelData/Struct_Weapon_Underbarrel_Init.Struct_Weapon_Underbarrel_Init'	3
unique_underbarrel_init_pearldrop	Unique_Underbarrel_Init_PearlDrop	Asset'/Game/Gear/Weapons/_Shared/BalanceData/UnderbarrelData/Struct_Weapon_Underbarrel_Init.Struct_Weapon_Underbarrel_Init'	3
unique_underbarrel_init_raid1	Unique_Underbarrel_Init_Raid1	Asset'/Game/Gear/Weapons/_Shared/BalanceData/UnderbarrelData/Struct_Weapon_Underbarrel_Init.Struct_Weapon_Underbarrel_Init'	1
unique_underbarrel_init_raid2	Unique_Underbarrel_Init_Raid2	Asset'/Game/Gear/Weapons/_Shared/BalanceData/UnderbarrelData/Struct_Weapon_Underbarrel_Init.Struct_Weapon_Underbarrel_Init'	2
unique_underbarrel_init_tuba	Unique_Underbarrel_Init_Tuba	Asset'/Game/Gear/Weapons/_Shared/BalanceData/UnderbarrelData/Struct_Weapon_Underbarrel_Init.Struct_Weapon_Underbarrel_Init'	1
vla_weapon_licensedpartprefix_table	VLA_Weapon_LicensedPartPrefix_Table	Asset'/Game/Gear/Weapons/_Shared/NamingStrategies/DAD_LicensedPart_Table_Struct.DAD_LicensedPart_Table_Struct'	4
vla_weapon_statprefix_table	VLA_Weapon_StatPrefix_Table	Asset'/Game/Gear/Weapons/_Shared/NamingStrategies/WeaponNamingStruct.WeaponNamingStruct'	8
vladofheavyweaponnamingbodyprefix	VladofHeavyWeaponNamingBodyPrefix	Asset'/Script/OakGame.HeavyWeaponNamingRow'	7
vladofheavyweaponnamingtablebarrel1	VladofHeavyWeaponNamingTableBarrel1	Asset'/Script/OakGame.HeavyWeaponNamingRow'	5
vladofheavyweaponnamingtablebarrel2	VladofHeavyWeaponNamingTableBarrel2	Asset'/Script/OakGame.HeavyWeaponNamingRow'	5
weapon	Weapon	Asset'/Game/GameData/DataTables/Structs/Struct_FloatColumn.Struct_FloatColumn'	9
weapon_acc_uistat_init	Weapon_Acc_Uistat_Init	Asset'/Game/Gear/Weapons/_Shared/BalanceData/_BaseWeaponData/Struct_WeaponAcc.Struct_WeaponAcc'	6
weapon_aidamagescale	Weapon_AIDamageScale	Asset'/Game/Gear/Weapons/_Shared/BalanceData/BarrelData/Struct_Weapon_AIScalars.Struct_Weapon_AIScalars'	60
weapon_ar_barrel_init	Weapon_AR_Barrel_Init	Asset'/Game/Gear/Weapons/_Shared/BalanceData/BarrelData/Struct_Weapon_Barrel_Init.Struct_Weapon_Barrel_Init'	17
weapon_ar_magazine_init	Weapon_AR_Magazine_Init	Asset'/Game/Gear/Weapons/_Shared/BalanceData/MagazineData/Struct_Weapon_Magazine_Init.Struct_Weapon_Magazine_Init'	34
weapon_ar_underbarrel_init	Weapon_AR_Underbarrel_Init	Asset'/Game/Gear/Weapons/_Shared/BalanceData/UnderbarrelData/Struct_Weapon_Underbarrel_Init.Struct_Weapon_Underbarrel_Init'	46
weapon_cov_repair	Weapon_Cov_Repair	Asset'/Game/Gear/Weapons/_Shared/BalanceData/COV/Struct_Weapon_Cov_Repair.Struct_Weapon_Cov_Repair'	36
weapon_elementaldamagescale	Weapon_ElementalDamageScale	Asset'/Game/Gear/Weapons/_Shared/BalanceData/Elemental/Struct_Weapon_Elemental_Init.Struct_Weapon_Elemental_Init'	1
weapon_licensedparts_universal	Weapon_LicensedParts_Universal	Asset'/Game/Gear/Weapons/_Shared/BalanceData/_BaseWeaponData/Struct_WeaponManufacturer.Struct_WeaponManufacturer'	5
weapon_orderfiring	Weapon_OrderFiring	Asset'/Game/Gear/Weapons/_Shared/BalanceData/Order/Struct_Order_Firing.Struct_Order_Firing'	11
weapon_part_weight_table	weapon_part_weight_table	Asset'/Game/GameData/DataTables/Structs/Struct_FloatColumn.Struct_FloatColumn'	23
weapon_ps_barrel_init	Weapon_PS_Barrel_Init	Asset'/Game/Gear/Weapons/_Shared/BalanceData/BarrelData/Struct_Weapon_Barrel_Init.Struct_Weapon_Barrel_Init'	14
weapon_ps_magazine_init	Weapon_PS_Magazine_Init	Asset'/Game/Gear/Weapons/_Shared/BalanceData/MagazineData/Struct_Weapon_Magazine_Init.Struct_Weapon_Magazine_Init'	29
weapon_ps_underbarrel_init	Weapon_PS_Underbarrel_Init	Asset'/Game/Gear/Weapons/_Shared/BalanceData/UnderbarrelData/Struct_Weapon_Underbarrel_Init.Struct_Weapon_Underbarrel_Init'	37
weapon_rarity_init	Weapon_Rarity_Init	Asset'/Game/Gear/Weapons/_Shared/BalanceData/Rarity/Struct_Weapon_RarityInit.Struct_Weapon_RarityInit'	1
weapon_scopes	Weapon_Scopes	Asset'/Game/Gear/Weapons/_Shared/BalanceData/ScopeData/Struct_Weapon_Scopes.Struct_Weapon_Scopes'	15
weapon_sg_barrel_init	Weapon_SG_Barrel_Init	Asset'/Game/Gear/Weapons/_Shared/BalanceData/BarrelData/Struct_Weapon_Barrel_Init.Struct_Weapon_Barrel_Init'	17
weapon_sg_magazine_init	Weapon_SG_Magazine_Init	Asset'/Game/Gear/Weapons/_Shared/BalanceData/MagazineData/Struct_Weapon_Magazine_Init.Struct_Weapon_Magazine_Init'	35
weapon_sg_underbarrel_init	Weapon_SG_Underbarrel_Init	Asset'/Game/Gear/Weapons/_Shared/BalanceData/UnderbarrelData/Struct_Weapon_Underbarrel_Init.Struct_Weapon_Underbarrel_Init'	46
weapon_sm_barrel_init	Weapon_SM_Barrel_Init	Asset'/Game/Gear/Weapons/_Shared/BalanceData/BarrelData/Struct_Weapon_Barrel_Init.Struct_Weapon_Barrel_Init'	11
weapon_sm_magazine_init	Weapon_SM_Magazine_Init	Asset'/Game/Gear/Weapons/_Shared/BalanceData/MagazineData/Struct_Weapon_Magazine_Init.Struct_Weapon_Magazine_Init'	23
weapon_sm_underbarrel_init	Weapon_SM_Underbarrel_Init	Asset'/Game/Gear/Weapons/_Shared/BalanceData/UnderbarrelData/Struct_Weapon_Underbarrel_Init.Struct_Weapon_Underbarrel_Init'	32
weapon_sr_barrel_init	Weapon_SR_Barrel_Init	Asset'/Game/Gear/Weapons/_Shared/BalanceData/BarrelData/Struct_Weapon_Barrel_Init.Struct_Weapon_Barrel_Init'	14
weapon_sr_magazine_init	Weapon_SR_Magazine_Init	Asset'/Game/Gear/Weapons/_Shared/BalanceData/MagazineData/Struct_Weapon_Magazine_Init.Struct_Weapon_Magazine_Init'	29
weapon_sr_underbarrel_init	Weapon_SR_Underbarrel_Init	Asset'/Game/Gear/Weapons/_Shared/BalanceData/UnderbarrelData/Struct_Weapon_Underbarrel_Init.Struct_Weapon_Underbarrel_Init'	38
weapon_stats	Weapon_Stats	Asset'/Game/Gear/Weapons/_Shared/BalanceData/WeaponStats/Struct_WeaponStats.Struct_WeaponStats'	31
weapon_ted_throw	Weapon_Ted_Throw	Asset'/Game/Gear/Weapons/_Shared/BalanceData/TED/Struct_TED_Throw.Struct_TED_Throw'	27
weapon_unique_ar_init	Weapon_Unique_AR_Init	Asset'/Game/Gear/Weapons/_Shared/BalanceData/UniqueData/Struct_Weapon_Unique_Init.Struct_Weapon_Unique_Init'	10
weapon_unique_init_banjo	Weapon_Unique_Init_Banjo	Asset'/Game/Gear/Weapons/_Shared/BalanceData/UniqueData/Struct_Weapon_Unique_Init.Struct_Weapon_Unique_Init'	4
weapon_unique_init_cello	Weapon_Unique_Init_Cello	Asset'/Game/Gear/Weapons/_Shared/BalanceData/UniqueData/Struct_Weapon_Unique_Init.Struct_Weapon_Unique_Init'	6
weapon_unique_init_cowbell	Weapon_Unique_Init_Cowbell	Asset'/Game/Gear/Weapons/_Shared/BalanceData/UniqueData/Struct_Weapon_Unique_Init.Struct_Weapon_Unique_Init'	6
weapon_unique_init_mandolin	Weapon_Unique_Init_Mandolin	Asset'/Game/Gear/Weapons/_Shared/BalanceData/UniqueData/Struct_Weapon_Unique_Init.Struct_Weapon_Unique_Init'	6
weapon_unique_init_pearldrop	Weapon_Unique_Init_PearlDrop	Asset'/Game/Gear/Weapons/_Shared/BalanceData/UniqueData/Struct_Weapon_Unique_Init.Struct_Weapon_Unique_Init'	8
weapon_unique_init_raid1	Weapon_Unique_Init_Raid1	Asset'/Game/Gear/Weapons/_Shared/BalanceData/UniqueData/Struct_Weapon_Unique_Init.Struct_Weapon_Unique_Init'	1
weapon_unique_init_raid2	Weapon_Unique_Init_Raid2	Asset'/Game/Gear/Weapons/_Shared/BalanceData/UniqueData/Struct_Weapon_Unique_Init.Struct_Weapon_Unique_Init'	4
weapon_unique_init_tuba	Weapon_Unique_Init_Tuba	Asset'/Game/Gear/Weapons/_Shared/BalanceData/UniqueData/Struct_Weapon_Unique_Init.Struct_Weapon_Unique_Init'	6
weapon_unique_magazine_init	Weapon_Unique_Magazine_Init	Asset'/Game/Gear/Weapons/_Shared/BalanceData/MagazineData/Struct_Weapon_Magazine_Init.Struct_Weapon_Magazine_Init'	6
weapon_unique_magazine_init_tuba	Weapon_Unique_Magazine_Init_Tuba	Asset'/Game/Gear/Weapons/_Shared/BalanceData/MagazineData/Struct_Weapon_Magazine_Init.Struct_Weapon_Magazine_Init'	1
weapon_unique_ps_init	Weapon_Unique_PS_Init	Asset'/Game/Gear/Weapons/_Shared/BalanceData/UniqueData/Struct_Weapon_Unique_Init.Struct_Weapon_Unique_Init'	11
weapon_unique_sg_init	Weapon_Unique_SG_Init	Asset'/Game/Gear/Weapons/_Shared/BalanceData/UniqueData/Struct_Weapon_Unique_Init.Struct_Weapon_Unique_Init'	6
weapon_unique_smg_init	Weapon_Unique_SMG_Init	Asset'/Game/Gear/Weapons/_Shared/BalanceData/UniqueData/Struct_Weapon_Unique_Init.Struct_Weapon_Unique_Init'	6
weapon_unique_sr_init	Weapon_Unique_SR_Init	Asset'/Game/Gear/Weapons/_Shared/BalanceData/UniqueData/Struct_Weapon_Unique_Init.Struct_Weapon_Unique_Init'	4
weapon_unique_underbarrel_init	Weapon_Unique_Underbarrel_Init	Asset'/Game/Gear/Weapons/_Shared/BalanceData/UnderbarrelData/Struct_Weapon_Underbarrel_Init.Struct_Weapon_Underbarrel_Init'	5
weaponmanufacturer_init	WeaponManufacturer_Init	Asset'/Game/Gear/Weapons/_Shared/BalanceData/_BaseWeaponData/Struct_ManufacturerInitialization.Struct_ManufacturerInitialization'	8
weapontype_ai_default	WeaponType_AI_Default	Asset'/Game/Gear/Weapons/_Shared/BalanceData/_BaseWeaponData/Struct_Weapon_AI_Defaults.Struct_Weapon_AI_Defaults'	9
weapontype_damagescale	WeaponType_DamageScale	Asset'/Game/Gear/Weapons/_Shared/BalanceData/_BaseWeaponData/Struct_WeaponManufacturer.Struct_WeaponManufacturer'	5
weapontype_init	WeaponType_Init	Asset'/Game/Gear/Weapons/_Shared/BalanceData/_BaseWeaponData/Struct_BaseWeaponInitialization.Struct_BaseWeaponInitialization'	5
