row_name	accuracy	adsproficiency	critdamage	damage	elementalpower	firerate	magsize	reloadspeed	single
Damage	NexusSerialized, 1AFFBC4A157C4A0B9598633E5EBD749D, Throbbing	NexusSerialized, C4D27B93D7D644B58EA295E3F010FC4D, Topping	NexusSerialized, E194F9C856A6442FB5DC37F69D245C0F, Thrusting	NexusSerialized, 5BF46DC75EF140C9B17519E94105B948, Ripped	NexusSerialized, 4E96F1445E4D4A0D8AAAC4800B0D3549, Gripping	NexusSerialized, 87923BA979DD4C618E119FCA9956E07E, Performative	NexusSerialized, 03FE0E0C53BB4718ADFFD7AC66E3E979, Bulging	NexusSerialized, 16FE1DFFCCDD464DB7C2BCE83BE4EF76, Tempting	NexusSerialized, 1B951688F737430496AFA12D88054735, Strong
CritDamage	NexusSerialized, 123493B7CD0F4374A246A020D8F24208, Vigorous	NexusSerialized, 8AAE485D52554EDEAC1DABA0A2D557CF, Choking	NexusSerialized, 2008E22CFFCE4E548F1F62F7350EFA0F, Pounding		NexusSerialized, 549E186BE7104E3F9CE7B7FF8EB4B04A, Grinding	NexusSerialized, BCB156A018EE44A59E59F1DCE9369A9B, Breathless	NexusSerialized, 75C3234E9D1848619C770E58DAAEA570, Stacked	NexusSerialized, D9277BB5101B4128B19707C556F44C52, Ravishing	NexusSerialized, 84633AA4352D452B8E74D2EDC15B84D6, Rough
FireRate	NexusSerialized, E8B198D2586646239564746E26688F93, Rhythmic	NexusSerialized, 2FBFE69FC81243158565665730F17EF6, Filthy			NexusSerialized, 9241C19CFFC84653AB71488272D84E17, Vibrating	NexusSerialized, B552418535A446B893833E42D04002A9, Screaming	NexusSerialized, 13766BF8C2DD4A14B11E63EBD71CD970, Confident	NexusSerialized, F86890DBCDD245B2A8754830DD7939F6, Shameless	NexusSerialized, 759FCD16BF204260A21D24B7DCE092A3, Loud
ReloadSpeed	NexusSerialized, F024C23825B94CF79EEE21CBA9565D30, Bricked-Up	NexusSerialized, 02328D38EDBF4A1CA23E9F2DD49DA56B, Begging			NexusSerialized, 3B776D5BDD0A4367A632FD0C3C81679A, Quaking		NexusSerialized, 6FBD5A85FFB549C9B3BE3FF3ABF733C2, Voluptuous	NexusSerialized, 775350630C7D4D3A92CBD24DA7441D36, Down-Bad	NexusSerialized, B5694E2981954D41B0936929B49A5553, Thirsty
MagSize	NexusSerialized, 2F42654F8E624C0D8975BCD9A0A813D8, Deep	NexusSerialized, EBA443F6A7F844BF826EADC35313071F, Exhibitionist			NexusSerialized, 3A72E054E15E40628FA6345A3DE4A7B8, Ribbed		NexusSerialized, E281045D178642359B8B92EF4594D7CE, Packin'		NexusSerialized, A17A5F9F75184EA0BE68B90F0BE06E2D, Endowed
Accuracy	NexusSerialized, 8FCDCB156CA4492988486BF8FB20B99B, Taut	NexusSerialized, 461F509729F048C69630190FAB9AC38D, Lubed			NexusSerialized, 2002D2E59547489C90CCDCDAC71E7670, Sensitive				NexusSerialized, E74B0CD751954CC58C3FE4B5955EF85A, Firm
ElementalPower		NexusSerialized, 8E8FA9E9072048BAAE12611CBE736CE9, Tickling			NexusSerialized, D6E5A72A3CEA4419812624F6D65B0651, Edging				NexusSerialized, 3E2659E1FA2B4117BEC13497153C7911, Teasing
ADSProficiency		NexusSerialized, 3F47A0E5452C4323905FDD522C4F0772, Kinky							NexusSerialized, E8961151031B4E539A516CDC787AA241, Playful
DamageRadius									
